"Accounting & Finance","75.12076923076923"
"Computer","51.408000000000015"
"Home Design","37.46666666666667"
"Reference","27.5"
"Science","19.695625"
"Literature & Fiction","16.933333333333334"
"Horror","16.04125"
"Romance","10.938333333333333"
"Fantasy","8.99"